{
  "balance_sol": 2.459775577192531,
  "initial_balance": 1.0,
  "pnl_sol": 1.4597755771925311,
  "pnl_pct": 145.97755771925313,
  "trades": 141,
  "strategy": "arbitrage",
  "mode": "paper",
  "status": "active",
  "timestamp": 1771341070.461515,
  "message": null
}