{
  "balance_sol": 1.2657464411385626,
  "initial_balance": 1.0,
  "pnl_sol": 0.2657464411385626,
  "pnl_pct": 26.57464411385626,
  "trades": 41,
  "strategy": "arbitrage",
  "mode": "paper",
  "status": "active",
  "timestamp": 1771352837.168408,
  "message": null,
  "fees": {
    "total_fees_sol": 0.0024406118614373425,
    "total_gross_profit_sol": 0.268187053,
    "total_net_profit_sol": 0.2657464411385627,
    "fee_efficiency_pct": 0.91
  },
  "performance": {
    "wins": 41,
    "losses": 0,
    "win_rate_pct": 100.0,
    "avg_profit_sol": 0.006481621
  }
}