{
  "balance_sol": 1.2384882478944625,
  "initial_balance": 1.0,
  "pnl_sol": 0.23848824789446255,
  "pnl_pct": 23.848824789446255,
  "trades": 37,
  "strategy": "arbitrage",
  "mode": "paper",
  "status": "active",
  "timestamp": 1771351396.020999,
  "message": null,
  "fees": {
    "total_fees_sol": 0.0022197221055374624,
    "total_gross_profit_sol": 0.24070797,
    "total_net_profit_sol": 0.23848824789446255,
    "fee_efficiency_pct": 0.9222
  },
  "performance": {
    "wins": 37,
    "losses": 0,
    "win_rate_pct": 100.0,
    "avg_profit_sol": 0.006445628
  }
}