{
  "balance_sol": 1.3237126875531229,
  "initial_balance": 1.0,
  "pnl_sol": 0.3237126875531229,
  "pnl_pct": 32.371268755312286,
  "trades": 42,
  "strategy": "arbitrage",
  "mode": "paper",
  "status": "active",
  "timestamp": 1771314380.640193,
  "message": null
}